building,mean,min,max,sum
BuildingA,54.83673893480752,10.01064781731307,99.98687804911562,77648.82233168745
BuildingB,54.02339759472208,10.062317658910672,99.94233114912636,76497.13099412646
BuildingC,54.80712991021677,10.007903191513105,99.90851207727177,77606.89595286695
